,Omnicomm
0,ATLAS COPCO XRVS 476 инв. [109981]
1,Airman DPS 750S [112268]
2,Airman PDS 185S [110631]
3,Airman PDW 500 инв [109827]
4,Airman PDW 500SNC [109826]
5,Airman PDW 500SNC [109829]
6,Airman PDW500SNC инв [109828]
7,Atlas Copco XAS 97 инв [109661]
8,Atlas Copco XRHS [107400]
9,Atlas Copco XRHS [109982]
10,Atlas Copco XRVS476 инв [107401]
11,BOMAG ВF 800C [8967 су 63]
12,Bobcat S530 [1714 ак 63]
13,Bobcat S530 [1715 ак 63]
14,Bobcat S530 [1716 ак 63]
15,Bobcat S530 [5086 ак 63]
16,Bobcat T40.140 [0653 ак 63]
17,Bobcat T41.140SLPB [2919 ак 63]
18,Bobcat T41.140SLPB [2920 ак 63]
19,Bomag BF-800C [4957 су 63]
20,Bomag BW 202AD-4 [0068 су 63]
21,Bomag BW 203AD-4 [0074 су 63]
22,Bomag BW 213D-4 [2185 см 63]
23,Bomag BW 213D-4 [2286 су 63]
24,Bomag BW 213D-4 [2289 су 63]
25,Bomag BW 213D-4 [2884 ср 63]
26,Bomag BW 213D-4 [2960 ср 63]
27,Bomag BW 213D-4 [3044 св 63]
28,Bomag BW 213D-4 [4952 су 63]
29,Bomag BW 213D-4 [9635 се 63]
30,Bomag BW 213D-5 [3090 ак 63]
31,Bomag BW 213D-5 [5094 ак 63]
32,Bomag BW 219D-4 [2961 ср 63]
33,Bomag BW 219D-4 [3043 св 63]
34,Bomag BW 219D-4 [8365 са 63]
35,Bomag BW 24RH [0067 су 63]
36,Bomag BW 24RH [4953 су 63]
37,Bomag BW 24RH [4955 су 63]
38,Bomag BW [1442 ам 63]
39,Bomag BW [1443 ам 63]
40,Bomag BW [3092 ак 63]
41,Bomag BW-24 RH [1440 ам 63]
42,Bomag BW-24 RH [1441 ам 63]
43,Bomag BW213D-4 [4951 су 63]
44,Bomag BW213D-4 [4951 су 63] new
45,Bomag BW213D-4 [4956 су 63]
46,Bomag BW213D-5 [5093 ак 63]
47,Cat 320B [3549 се 63]
48,Cat 320DL [7396 су 63]
49,Cat 320DL [6576 су 63]
50,Cat 320DL [6648 су 63]
51,Cat 320DL [6649 су 63]
52,Cat 320DL [6673 от 63]
53,Cat 320DL [7394 су 63]
54,Cat 320DL [7397 су 63]
55,Cat 330DL [2175 са 63]
56,Cat 330DL [2176 са 63]
57,Cat 336D [2168 св 63]
58,Cat 336DL [2166 св 63]
59,Cat 336DL [2167 св 63]
60,Cat 336DL [2169 св 63]
61,Cat 336DL [6574 су 63]
62,Cat 336DL [6575 су 63]
63,Cat 336DL [6647 су 63]
64,Cat 336DL [7395 су 63]
65,Cat 336DL [8351 су 63]
66,Cat 336DL [8352 су 63]
67,Cat 336DL [8965 су 63]
68,Cat 587R [2892 ср 63]
69,Cat 587R [2893 ср 63]
70,Cat 587R [2905 ср 63]
71,Cat 587R [3902 ср 63]
72,Cat 587R [3903 ср 63]
73,Cat D6R [2182 см 63]
74,Cat D8R [2671 от 63]
75,Cat D8R [2672 от 63]
76,Cat D9R [5998 су 63]
77,Cat D9R [0075 су 63]
78,Cat D9R [0076 су 63]
79,Cat D9R [1994 су 63]
80,Cat D9R [2174 са 63]
81,Cat D9R [2789 ср 63]
82,Cat D9R [3994 ср 63]
83,Cat D9R [3996 ср 63]
84,Cat D9R [5997 су 63]
85,Cat D9R [6652 су 63]
86,Cat D9R [7399 су 63]
87,Chevrolet NIVA [о 001 ат 163]
88,Crafco 125DC [1574 св 63]
89,Cедельный тягач Урал-44202 [в 765 мт 89]
90,Demag DF135C [2820 ср 63]
91,Denyo DCW [109522]
92,Denyo DCW [109523]
93,Denyo DCW [109524]
94,Denyo DCW [109879]
95,Denyo DCW [109880]
96,Denyo DCW [109962]
97,Denyo DCW [109963]
98,Denyo DCW [109964]
99,Denyo DCW [109965]
100,Denyo DCW [110308]
101,Doosan 500LC [8840 ср 63]
102,Doosan D25S-5 Pro5 [9048 ак 63]
103,Doosan D60S-5 [9050 ак 63]
104,Doosan DL420A [1415 ам 63]
105,Doosan DX-520LC [8366 са 63]
106,Doosan DX210WA [1416 ам 63]
107,Doosan DX210WA [1417 ам 63]
108,Doosan Mega 400 [3904 ср 63]
109,Doosan Mega 400 [8963 су 63]
110,Doosan Solar 210W-V [2462 см 63]
111,Doosan Solar 210W-V [2883 ср 63]
112,Doosan Solar 210W-V [3959 от 63]
113,Doosan Solar 420 LC-V [9875 са 63]
114,Doosan Solar-255LC-V [3443 су 63]
115,Dressta SB-60 [2179 см 63]
116,Dressta SB-60 [2263 су 63]
117,Dressta SB-60 [2899 ср 63]
118,Dressta SB-60 [2900 ср 63]
119,GAZon Next [В 367 УС 763]
120,Hino 500 [р 300 та 163]
121,Hino [х 003 св 63]
122,Hyundai Solaris [в 339 ха 763]
123,IVECO-AMT 653900 [в 149 ус 763]
124,IVECO-AMT 653900 [в 222 ус 763]
125,IVECO-AMT 653900 [в 311 ус 763]
126,IVECO-AMT 653900 [в 314 ус 763]
127,IVECO-AMT 653900 [в 329 ус 763]
128,IVECO-AMT 653900 [в 332 ус 763]
129,IVECO-AMT 653900 [в 334 ус 763]
130,IVECO-AMT 653900 [в 361 ус 763]
131,IVECO-AMT 653900 [в 398 ус 763]
132,IVECO-AMT 653900 [в 403 ус 763]
133,IVECO-AMT 653900 [в 405 ус 763]
134,IVECO-AMT 653900 [в 409 ус 763]
135,IVECO-AMT 653900 [в 519 ум 763]
136,IVECO-AMT 653900 [в 573 ум 763]
137,IVECO-AMT 653900 [в 596 ум 763]
138,IVECO-AMT 653900 [в 610 ум 763]
139,IVECO-AMT 653900 [в 627 ум 763]
140,IVECO-AMT 653900 [в 653 ум 763]
141,IVECO-AMT 653900 [в 686 ум 763]
142,Iveco [а 791 ва 763]
143,Iveco [в 533 хр 174]
144,Iveco [в 537 хр 174]
145,Iveco [в 542 хр 174]
146,Iveco [в 547 хр 174]
147,Iveco [в 549 хр 174]
148,Iveco [в 553 хр 174]
149,Iveco [в 554 хр 174]
150,Iveco [в 561 хр 174]
151,Iveco [в 566 хр 174]
152,Iveco [в 569 хр 174]
153,Iveco [в 570 хр 174]
154,Iveco [в 582 хр 174]
155,Iveco [в 584 хр 174]
156,Iveco [в 585 хр 174]
157,Iveco [в 586 хр 174]
158,Iveco [в 592 хр 174]
159,Iveco [в 598 хр 174]
160,Iveco [в 634 мс 763]
161,Iveco [в 636 мс 763]
162,Iveco [в 655 мс 763]
163,Iveco [е 137 мк 763]
164,Iveco [е 142 мк 763]
165,Iveco [е 142 мм 763]
166,Iveco [е 143 мк 763]
167,Iveco [е 146 мс 763]
168,Iveco [н 683 хр 174]
169,Iveco [н 704 хр 174]
170,Iveco [н 750 хр 174]
171,Iveco [н 752 хр 174]
172,Iveco [н 755 хр 174]
173,Iveco [н 759 хр 174]
174,Iveco [н 761 хр 174]
175,Iveco [н 763 хр 174]
176,Iveco [н 764 хр 174]
177,Iveco [н 766 хр 174]
178,Iveco [н 770 хр 174]
179,Iveco [н 773 хр 174]
180,Iveco [о 547 хв 163]
181,Iveco [о 834 хе 163]
182,Iveco [о 835 хе 163]
183,Iveco [о 841 хе 163]
184,Iveco [о 842 хе 163]
185,Iveco [о 843 хе 163]
186,Iveco [о 844 хе 163]
187,Iveco [о 845 хе 163]
188,Iveco [о 862 хе 163]
189,Iveco [о 864 хе 163]
190,Iveco [о 875 хе 163]
191,Iveco-AMT 653900 [В 672 УС 763]
192,Iveco-AMT 653900 [в 541ус 763]
193,Iveco-AMT 653900 [в 662 ус 763]
194,Iveco-AMT 653900 [в 693 ус 763]
195,Iveco-AMT 653900 [в 743 ус 763]
196,Iveco-AMT 653900 [в 776 ус 763]
197,Iveco-AMT 653900 [в 800 ус 763]
198,Iveco-AMT 653900 [в 846 ус 763]
199,Iveco-AMT 663900 [в 763 ус 763]
200,Izhtel-400 [113555]
201,J.Deere 772G [3086 ак 63]
202,J.Deere 850J [1992 су 63]
203,J.Deere 850J [1993 су 63]
204,J.Deere 850J [2238 св 63]
205,J.Deere 850J [2239 св 63]
206,J.Deere 850J [2240 св 63]
207,J.Deere 850J [2241 св 63]
208,J.Deere 872G [2237 св 63]
209,J.Deere 872G [8968 су 63]
210,JCB G140 QS инв [112148]
211,JCB G275X инв [109543]
212,JCB [112139]
213,Jcb (scania) G275X [109980]
214,Jcb 3CXS14 [0839 ак 63]
215,Jcb 3CXS14M [1973 ак 63]
216,Jcb 3CXS14M [1974 ак 63]
217,Jcb 3CXS14M [6785 се 63]
218,Jcb 3CXS14M [8125 се 63]
219,Jcb 3CXS14M [8126 се 63]
220,Jcb 3CXS14M [8768 се 63]
221,Jcb G140 QS [112140]
222,Jcb G140 QS [112143]
223,Jcb G140 QS [112144]
224,Jcb G140 QS [112146]
225,Jcb G140QS [112145]
226,Jcb G275X [111540]
227,Jcb G275X [111537]
228,Jcb G275X [111538]
229,Jcb G275X [111539]
230,Jcb G275X [111541]
231,Jcb G275X [111542]
232,John Deere [1418 ам 63]
233,John Deere [1419 ам 63]
234,John Deere [1420 ам 63]
235,John Deerr [1454 ам 63]
236,Jumbo JDQ 50/14/60 [9801 ак 63]
237,Komastsu PC-400 [2956 ср 63]
238,Komatsu D-155 [4021 ср 63]
239,Komatsu D-155C [4020 ср 63]
240,Komatsu D-275 [2449 са 63]
241,Komatsu D-355 [2180 са 63]
242,Komatsu D-355 [2713 ак 63]
243,Komatsu D-355 [4032 ср 63]
244,Komatsu D-355C [2177 са 63]
245,Komatsu D-355C [2178 са 63]
246,Komatsu D-355C [2179 са 63]
247,Komatsu D-355C [2181 са 63]
248,Komatsu D-355C [2182 са 63]
249,Komatsu D-355C [2825 ср 63]
250,Komatsu D-355C [2826 ср 63]
251,Komatsu D-355C [2901 ср 63]
252,Komatsu D-355C [4001 ср 63]
253,Komatsu D-355C [4002 ср 63]
254,Komatsu D-355C [4026 ср 63]
255,Komatsu D-355C [4030 ср 63]
256,Komatsu D-355C [4045 ср 63]
257,Komatsu D-355C [4501 ср 63]
258,Komatsu D-355C [4502 ср 63]
259,Komatsu D-355C [4691 ср 63]
260,Komatsu D-355C [6785 от 63]
261,Komatsu D-355C [9765 се 63]
262,Komatsu D-65 [2040 ак 63]
263,Komatsu D-65 [2619 см 63]
264,Komatsu D-65 [2883 ак 63]
265,Komatsu D-65A [2827 ср 63]
266,Komatsu D-65E [2251 са 63]
267,Komatsu D-65E [2450 са 63]
268,Komatsu D-65E [2712 ср 63]
269,Komatsu D-65E [2719 ср 63]
270,Komatsu D-65E [2735 ср 63]
271,Komatsu D-65E [8790 ср 63]
272,Komatsu D-65E [8791 ср 63]
273,Komatsu D-65EX [2038 ак 63]
274,Komatsu D-85C [3779 св 63]
275,Komatsu PC-200 [2447 са 63]
276,Komatsu PC-220 [4675 ак 63]
277,Komatsu PC-220 [4677 ак 63]
278,Komatsu PC-220 [9344 се 63]
279,Komatsu PC-220 [9347 се 63]
280,Komatsu PC-300 [0652 ак 63]
281,Komatsu PC-300 [0655 ак 63]
282,Komatsu PC-300 [0660 ак 63]
283,Komatsu PC-300 [0924 ак 63]
284,Komatsu PC-300 [0926 ак 63]
285,Komatsu PC-300 [2806 ак 63]
286,Komatsu PC-300 [3756 ак 63]
287,Komatsu PC-300 [4080 ср 63]
288,Komatsu PC-300 [4454 се 63]
289,Komatsu PC-300 [4656 се 63]
290,Komatsu PC-300 [4678 ак 63]
291,Komatsu PC-300 [4680 ак 63]
292,Komatsu PC-300 [4681 ак 63]
293,Komatsu PC-400 [0651 ак 63]
294,Komatsu PC-400 [2785 ср 63]
295,Komatsu PC-400 [2885 ак 63]
296,Komatsu PC-400 [2886 ак 63]
297,Komatsu PC-400 [2886 ср 63]
298,Komatsu PC-400 [2894 ср 63]
299,Komatsu PC-400 [2957 ср 63]
300,Komatsu PC-400 [3666 св 63]
301,Komatsu PC-400 [3667 св 63]
302,Komatsu PC-400 [3668 св 63] новый
303,Komatsu PC-400 [3668 св 63] отправить на экспертизу
304,Komatsu PC-400 [3669 св 63]
305,Komatsu PC-400 [3670 св 63]
306,Komatsu PC-400 [3671 св 63]
307,Komatsu PC-400 [3672 св 63]
308,Komatsu PC-400 [3757 ак 63]
309,Komatsu PC-400 [4079 ср 63]
310,Komatsu PC-400 [4655 се 63]
311,Komatsu PC-400 [4679 ак 63]
312,Komatsu PC-400 [4682 ак 63]
313,Komatsu PC-400 [5091 ак 63]
314,Komatsu PC-400 [6248 ак 63]
315,Komatsu PC-400 [6786 от 63]
316,Komatsu PC-400 [7008 се 63]
317,Komatsu PC-400 [8767 се 63]
318,Komatsu PC-400 [8769 се 63]
319,Komatsu [2448 са 63]
320,Komatsu РС-300-8 [0925 АК 63]
321,Laigong ZL950 [4452 се 63]
322,Land Cruiser prado [у 063 ук 63]
323,Liebherr 764 [2167 ам 63]
324,Liebherr PR 734L [2153 ам 63]
325,Liebherr PR 734L [2927 ак 63]
326,Liebherr PR 734XL [2881 ак 63]
327,Liebherr PR 734XL [2882 ак 63]
328,Liebherr PR 734XL [2926 ак 63]
329,Liebherr PR 734XL [2928 ак 63]
330,Liebherr PR 734XL [2929 ак 63]
331,Liebherr PR 764 [1421 ам 63]
332,Liebherr PR 764 [1422 ам 63]
333,Liebherr PR 764 [2150 ам 63]
334,Liebherr PR 764 [2152 ам 63]
335,Liebherr PR 764 [2170 св 63]
336,Liebherr PR 764 [2171 св 63]
337,Liebherr PR 764 [2172 св 63]
338,Locust L903 [5488 се 63]
339,Locust L903 [8538 св 63]
340,Man TGS [е 048 ек 763]
341,Man [в 983 мс 763]
342,Man [е 105 ех 763]
343,Man [е 110 ет 763]
344,Man [е 110 ех 763]
345,Man [е 112 ев 763]
346,Man [е 112 ек 763]
347,Man [е 112 ен 763]
348,Man [е 112 ес 763]
349,Man [е 112 ех 763]
350,Man [е 113 ем 763]
351,Man [е 114 еа 763]
352,Mercedes-Benz E200 [х 002 нк 63]
353,Mitsubishi FD 35ANT [8364 са 63]
354,Mitsubishi Pajero [к 003 ар 63]
355,Renault Duster [Е 002 ОЕ 163]
356,Renault Duster [Н 001 ВА 163]
357,Renault Duster [Н 003 ХЕ 163]
358,Renault Logan [в 481 ха 763]
359,Renault Logan [в 583 ха 763]
360,Renault [е 001 ма 63]
361,Renault [м 004 мр 163]
362,Renault [м 005 мр 163]
363,Scoda [о 005 ет 163]
364,Sennebogen 613M [4947 су 63]
365,Sennebogen 613M [4948 су 63]
366,Shidaiwa инв [110898]
367,Shindaiwa DGW 500 [111336]
368,Shindaiwa [109973]
369,Shindaiwa [109974]
370,Shindaiwa [109975]
371,Shindaiwa [109976]
372,Shindaiwa [110131]
373,Shindaiwa [110897]
374,Shindaiwa [110899]
375,Shindaiwa [110901]
376,Shindaiwa [111259]
377,Shindaiwa [111260]
378,Shindaiwa [111261]
379,Shindaiwa [111321]
380,Shindaiwa [111324]
381,Shindaiwa [111325]
382,Shindaiwa [111326]
383,Shindaiwa [111327]
384,Shindaiwa [111328]
385,Shindaiwa [111337]
386,Shindaiwa [111339]
387,Shindaiwa [111341]
388,Shindaiwa [111342]
389,Shindaiwa [111343]
390,Shindaiwa [111344]
391,Shindaiwa [111435]
392,Shindaiwa [111436]
393,Shindaiwa [111437]
394,Shindaiwa [111868]
395,Shindaiwa [111869]
396,Shindaiwa [112149]
397,Shindaiwa [112150]
398,Shindaiwa [112151]
399,Shindaiwa [112152]
400,Shindaiwa [112154]
401,Shindaiwa [112156]
402,Shindaiwa [112157]
403,Shindaiwa [112158]
404,Shindaiwa [112159]
405,Shindaiwa [112160]
406,Shindaiwa [112161]
407,Shindaiwa [112179]
408,Shindaiwa [112180]
409,Shindaiwa [112288]
410,Shindaiwa [112289]
411,Shindaiwa [112291]
412,Shindaiwa [112611]
413,Shindaiwa [112613]
414,Shindaiwa [112614]
415,Shindaiwa инв [112153]
416,Shindaiwa инв. [111340]
417,SuperShot SVK222 инв [114434]
418,TCM 30 [2180 АМ 63]
419,Terex RC30-1 [4962 от 63]
420,Terex RC40 [2247 св 63]
421,Terex RC40 [2248 св 63]
422,Terex RC40 [4869 от 63]
423,Terex RC40 [4870 от 63]
424,Terex RT230-1 [2249 св 63]
425,Terex RT230-1 [2250 св 63]
426,Terex RT35 [1437 ам 63]
427,Toyota Camry [а 002 са 163]
428,Toyota Camry [м 008 кн 63]
429,Toyota Camry [о 006 ет 163]
430,Toyota Corolla [о 002 ос 163]
431,Toyota Highlander [н 005 уа 63]
432,Toyota Land Cruiser Prado [е 004 ое 163]
433,Toyota [м 999 оу 163]
434,Toyota [с 015 хк 163]
435,VOLVO FM [О 600 ОС 163]
436,VOLVO [у 806 ак 163]
437,Volkswagen Crafter [в 514 ас 763]
438,Volvo [у 701 ак 163]
439,Volvo A40G [8770 се 63]
440,Volvo A40G [8772 се 63]
441,Volvo A40G [8773 се 63]
442,Volvo A40G [8774 се 63]
443,Volvo A40G [8775 се 63]
444,Volvo A45G [2807 ак 63]
445,Volvo A45G [2808 ак 63]
446,Volvo A45G [2809 ак 63]
447,Volvo A45G [2810 ак 63]
448,Volvo A45G [2811 ак 63]
449,Volvo A45G [2814 ак 63]
450,Volvo A45G ак2811 63(диагностика терминала)
451,Volvo [а 965 ка 63]
452,Volvo [о 003 ет 163]
453,Volvo [р 551 ун 163]
454,Volvo [р 552 ун 163]
455,Volvo [р 553 ун 163]
456,Volvo [р 554 ун 163]
457,Volvo [р 840 ун 163]
458,Volvo [р 850 ун 163]
459,Volvo [р 855 ун 163]
460,Volvo [р 990 ун 163]
461,Volvo [р 991 ун 163]
462,Volvo [р 992 ун 163]
463,Volvo [р 993 ун 163]
464,Volvo [р 994 ун 163]
465,Volvo [р 996 ун 163]
466,Volvo [р 997 ун 163]
467,Volvo [р 998 ун 163]
468,Volvo [с 859 ее 163]
469,Volvo [с 873 ее 163]
470,Volvo [с 966 ее 163]
471,Volvo [т 170 св 163]
472,Volvo [у 674 ак 163]
473,Volvo [у 714 ак 163]
474,Volvo [у 723 ак 163]
475,Volvo [у 736 ак 163]
476,Volvo [у 763 ак 163]
477,Volvo [у 765 ак 163]
478,Volvo [у 792 ак 163]
479,Volvo [у 798 ак 163]
480,Volvo [у 800 ак 163]
481,Volvo [у 808 ак 163]
482,Volvo [у 819 ак 163]
483,Volvo [у 823 ак 163]
484,Volvo [у 840 ак 163]
485,Volvo [у 865 ак 163]
486,W.Neuson 50Z3 [5487 се 63]
487,W.Neuson EZ53 [1721 ак 63]
488,W.Neuson EZ53 [1722 ак 63]
489,W.Neuson EZ53 [1957 ак 63]
490,W.Neuson EZ53 [6299 се 63]
491,W.Neuson EZ53 [6300 се 63]
492,W.Neuson LTN6 [111527]
493,W.Neuson LTN6 [111528]
494,W.Neuson LTN6 [111529]
495,W.Neuson LTN6 [111530]
496,W.Neuson LTN6 [111531]
497,W.Neuson LTN6 [111532]
498,W.Neuson LTN6 [111533]
499,W.Neuson LTN6 [111534]
500,W.Neuson LTN6 [111535]
501,W.Neuson LTN6 [111536]
502,W.Neuson LTN8L [112453]
503,W.Neuson LTN8L [112454]
504,W.Neuson LTN8L [112455]
505,W.Neuson LTN8L [112456]
506,W.Neuson LTN8L [112457]
507,W.Neuson LTS8L [112435]
508,W.Neuson LTS8L [112436]
509,W.Neuson LTS8L [112437]
510,W.Neuson LTS8L [112438]
511,W.Neuson LTS8L [112439]
512,W.Neuson LTS8L [112440]
513,W.Neuson LTS8L [112441]
514,W.Neuson LTS8L [112442]
515,Wacker Neuson [112444]
516,Wacker Neuson [112445]
517,Wacker Neuson [112446]
518,Wacker Neuson [112447]
519,Yanmar 550DTLS-5R [113099]
520,Yanmar YH 550 инв [113100]
521,shindaiwa [112612]
522,А/кран УРАЛ КС 5573 [а 807 ов 763]
523,А/кран УРАЛ КС 5573 [а 817 ов 763]
524,А/мастерская Газ-3897 [о 895 хв 163]
525,А/мастерская Газ-3897 [р 856 ах 163]
526,А/мастерская УРАЛ УЗСТ 5860-46 [в 587 мр 89]
527,А/мастерская Урал-7721 [х 971 су 163]
528,АД 200с-т400 Volvo [112189]
529,АД 200с-т400 volvo [113040]
530,АД к МСН-10АПС инв. [110703]
531,АД-100 [102626] (Борт№25)
532,АД-100 (ЯМЗ-236) [109846]
533,АД-100 (старый 109914) инв.[109913]
534,АД-100 090108993 [2817 ср 63] (Борт№23)
535,АД-100 [021006377]
536,АД-100 [101751]
537,АД-100 [101752] уст. АСТ 3918 ср 63
538,АД-100 [101753]
539,АД-100 [102611]
540,АД-100 [102617]
541,АД-100 [102623]
542,АД-100 [106877]
543,АД-100 [107324]
544,АД-100 [107342]
545,АД-100 [107343]
546,АД-100 [107355]
547,АД-100 [107990]
548,АД-100 [108317]
549,АД-100 [108319]
550,АД-100 [109200]
551,АД-100 [109238]
552,АД-100 [109239??]
553,АД-100 [109239]
554,АД-100 [109305]
555,АД-100 [109509]
556,АД-100 [109564] уст. АСТ 1598 св 63
557,АД-100 [110175]
558,АД-100 [110176]
559,АД-100 [113157]
560,АД-100 [113158]
561,АД-100 [] уст АСТ 3919 ср 63
562,АД-100 АСТ 2129 см 63 (Борт№24) инв. [107840]
563,АД-100 АСТ 2130 см 63 инв. [107820]
564,АД-100-011106552 [2127 см 63] (Борт№26)
565,АД-100С-Т 400 [112801]
566,АД-100С-Т 400 [112802]
567,АД-150 [107635]
568,АД-150 [107829]
569,АД-200 (Scania) [109429]
570,АД-200 (Volvo) [112198]
571,АД-200 (Слэнакс) [113041]
572,АД-200 (Слэнакс) [113042]
573,АД-200 (Слэнакс) [113043]
574,АД-200 (Слэнакс) [113280]
575,АД-200 (Слэнакс) [113281]
576,АД-200 (Слэнакс) [113283]
577,АД-200 (ТМЗ) [108452]
578,АД-200 Cummins [109847]
579,АД-200 [102604]
580,АД-200 [102648]
581,АД-200 [107976]
582,АД-200 [109197]
583,АД-200 [109304]
584,АД-200 [109681]
585,АД-200 [110803397]
586,АД-200-Т400 [107510]
587,АД-200-Т400 [109198]
588,АД-200-Т400 [113282]
589,АД-200С-Т 400 [112190]
590,АД-200С-Т 400 [112191]
591,АД-200С-Т 400 [112192]
592,АД-200С-Т 400 [112193]
593,АД-200С-Т 400 [112195]
594,АД-200С-Т 400 [112197]
595,АД-200Т [109201]
596,АД-200Т [109680]
597,АД-30 [107443]
598,АД-30 [108342]
599,АД-300 (Volvo) [110313]
600,АД-300 (Volvo) [110314]
601,АД-400 (Volvo) [112199]
602,АД-400 (Volvo) [112200]
603,АД-60 100503004 [2711 ср 63] (Борт№28)
604,АД-60 [108479]
605,АД-60 [60206958]
606,АД200 [109303]
607,АД200 вин [130800514]
608,АД200-Т400 Scania 275 инв. [109542]
609,АН-250 [103271]
610,АСТ-4А [1598 св 63]
611,АСТ-4А [1599 св 63]
612,АСТ-4А [2127 см 63]
613,АСТ-4А [2128 см 63]
614,АСТ-4А [2129 см 63]
615,АСТ-4А [2130 см 63]
616,АСТ-4А [2710 ср 63]
617,АСТ-4А [2711 ср 63]
618,АСТ-4А [2815 ср 63]
619,АСТ-4А [2817 ср 63]
620,АСТ-4А [2903 ср 63]
621,АСТ-4А [2955 ср 63]
622,АСТ-4А [2962 ср 63]
623,АСТ-4А [2963 ср 63]
624,АСТ-4А [3917 ср 63]
625,АСТ-4А [3918 ср 63]
626,АСТ-4А [3919 ср 63]
627,АСТ-4А [4036 ср 63]
628,АТЗ Урал [А 553 СХ 763]
629,Автобус ГАЗ 32841 [е 432 тр 82]
630,Автобус ГАЗ-3295А1 [А 952 УН 763]
631,Автобус ГАЗ-3295А1 [Е 723 ТР 82]
632,Автобус ГАЗ-3295А1 [Е 723 ТР 82]
633,Автобус Газ-3284 [с 087 вв 163]
634,Автобус Газ-32841000001001 [е 177 тр 82]
635,Автобус Газ-32841000001006 [ву 478 63]
636,Автобус Газ-32841000001006 [о 889 хв 163]
637,Автобус Газ-3295А1 [а 897 ун 763]
638,Автобус Газ-3295А1 [а 900 ун 763]
639,Автобус Газ-3295А1 [а 910 ун 763]
640,Автобус Газ-3295А1 [а 965 ун 763]
641,Автобус Мерседес Бенц 2232 [о 005 ат 163]
642,Автобус Паз-3205 [а 351 ое 763]
643,Автобус Паз-4234 [ а 553 тс 763]
644,Автобус Паз-4234 [а 521 ва 763]
645,Автобус Паз-4234 [а 532 тс 763]
646,Автобус Паз-4234 [а 533 ва 763]
647,Автобус Паз-4234 [а 548 тс 763]
648,Автобус Паз-4234 [а 559 тс 763]
649,Автобус Паз-4234 [а 834 ат 763]
650,Автобус Паз-4234 [х 011 хм 163]
651,Автобус Паз-4234 [х 075 хм 163]
652,Автобус Паз-4234 [х 923 хм 163]
653,Автобус Паз-4234 [х 936 хм 163]
654,Автобус УРАЛ-3255 [е 606 кн 163]
655,Автобус УРАЛ-3255 [к 220 ем 163]
656,Автобус УРАЛ-3255 [к 221 ем 163]
657,Автобус УРАЛ-3255-3013-79 [в 593 мт 89]
658,Автобус УРАЛ-3255-5013-71 [В 479 МТ 89]
659,Автобус УРАЛ-3255-5013-71 [В 589 МТ 89]
660,Автобус УРАЛ-3255-5013-71 [В 603 МТ 89]
661,Автобус УРАЛ-3255-5013-71 [в 621 мт 89]
662,Автобус УРАЛ-3255-5013-71 [в 641 мт 89]
663,Автобус УРАЛ-32551 [в 621 вс 163]
664,Автобус УРАЛ-4320 [Р 510 УН 163]
665,Автобус УРАЛ-4320 [о 653 вв 63]
666,Автогрейдер ДЗ-98 [1044 са 63]
667,Автогрейдер ДЗ-98 [2132 см 63]
668,Автогрейдер ДЗ-98 [2881 ср 63]
669,Автогрейдер ДЗ-98 [4579 су 63]
670,Автогрейдер ДЗ-98 [8363 са 63]
671,Автогрейдер ДЗ-98 [8964 су 63]
672,Автогрейдер ДЗ-98В [2131 см 63]
673,Автогрейдер ДЗ-98В [2704 ср 63]
674,Автогрейдер ДЗ-98В [3105 ак 63]
675,Автогрейдер ДЗ-98В [4087 ср 63] (Борт№41)
676,Автогрейдер ДЗ-98В [4578 су 63]
677,Автогрейдер ДЗ-98В [4580 су 63]
678,Автогрейдер ДЗ-98В [5343 ср 63]
679,Автогрейдер ДЗ-98В [6573 су 63]
680,Автокран Камаз-5571 [е 391 еу 51]
681,Автокран Камаз-5571 [о 241 см 47]
682,Автокран Камаз-5571 [о 249 со 47]
683,Автокран Камаз-5571 [о 805 тм 47]
684,Автокран Камаз-5571 [х 435 су 163]
685,Автокран УРАЛ-457171 [р 003 ах 163]
686,Автокран УРАЛ-КС 5573 [а 149 ре 763]
687,Автокран УРАЛ-КС 5573 [а 895 тс 763]
688,Автокран УРАЛ-КС 55732 [А 297 СХ 763]
689,Автокран УРАЛ-КС 55732 [А 310 СХ 763]
690,Автокран УРАЛ-КС 55732 [А 958 ТС 763]
691,Автокран УРАЛ-КС 55732 [А 987 ТС 763]
692,Автокран УРАЛ-КС 55732 [Е 440 ТР 82]
693,Автокран УРАЛ-КС 55733 [А 287 УН 763]
694,Автокран УРАЛ-КС 55733 [А 405 УН 763]
695,Автокран УРАЛ-КС 55733 [а 928 рв 763]
696,Автокран Урал-45721 [у 667 ту 163]
697,Агромаш 90ТГ 3047А (Bara) [1772 ак 63]
698,Агромаш 90ТГ 3047А (Bara) [1771 ак 63]
699,Амкодор 332В [0060 ам 63]
700,Амкодор 332В [9346 се 63]
701,Амкодор 332В [9636 се 63]
702,Амкодор 333А [5332 ср 63]
703,Амкодор 333В [3464 се 63]
704,Амкодор 333В [8123 се 63]
705,Амкодор 333В [8124 се 63]
706,Амкодор 342В [1980 ак 63]
707,Амкодор 342В [1981 ак 63]
708,Амкодор 342В [1982 ак 63]
709,Амкодор 342В [1983 ак 63]
710,Амкодор 342В [4537 су 63]
711,Амкодор 342В [7618 са 63]
712,Амкодор 352 [5085 ак 63]
713,Балканкар [100021]
714,Балканкар ДВ1792 [100026]
715,Бетоносмеситель КАМАЗ 365115 [А 930 ХВ 163]
716,"Бортовой Мицубиси L200 2,4 [О 007 АТ 163]"
717,Бортовой Газ-С41R33 [а 686 тс 763]
718,Бортовой Камаз-6522 [о 539 ам 163]
719,Бортовой УРАЛ УСТ 5453 [а 460 тс 763]
720,Бортовой УРАЛ УСТ 54532Е [а 413 тс 763]
721,Бортовой УРАЛ УСТ 54532Е [в 940 мт 89]
722,ВАЗ НИВА 4*4 [в 880 мс 763]
723,ВП-05 [4572 ср 63]
724,Водовоз УРАЛ 4320 [т 978 рх 163]
725,Водовоз УРАЛ УЗСТ 6620 [а 622 тс 763]
726,Водовоз УРАЛ-4320 [р 577 ах 163]
727,Водовоз УРАЛ-4320 [р 648 ок 163]
728,Водовоз УРАЛ-4320-УСТ 45322 [В 850 МТ 89]
729,Водовоз УРАЛ-461501 [м 936 ое 63]
730,Водовоз УРАЛ-567501-11 [н 342 ва 163]
731,Водовоз УРАЛ-5960 [а 345 хв 163]
732,Водовоз УРАЛ-5960 [о 519 вв 63]
733,Г/пассажирский УАЗ-2206 [а 549 ое 763]
734,Г/пассажирский УАЗ-22069 [с 628 ха 163]
735,Г/подъемник Камаз(Чайка-Сервис2784) [а 803 ка 763]
736,Г/подъемник Камаз(Чайка-Сервис2784) [а 839 ка 763]
737,Г/подъемник Камаз(Чайка-Сервис2784) [а 842 ка 763]
738,Г/подъемник УРАЛ-4320 [а 334 тс 763]
739,Г/подъемник УРАЛ-4320 [а 374 тс 763]
740,Г/подъемник УРАЛ-4320-ВС 28У [Е 604 ТР 82]
741,ГАЗ 30103Р [В 388 ХН 763]
742,ГАЗ 30103Р [В 546 ХН 763]
743,ГАЗ 30103Р [В 547 ХН 763]
744,ГАЗ 30103Р [В 578 ХН 763]
745,ГАЗ 30103Р [в 629 хн 763]
746,ГАЗ 3034L6 [С 370 КН 163]
747,ГАЗ [а 905 ун 763]
748,ГАЗ [а 943 ун 763]
749,ГАЗ [а 960 ун 763]
750,ГАЗ [в 830 он 763] (vin 2712)
751,ГАЗ [в 887 он 763] (vin 2715)
752,ГАЗ [в 899 он 763] (vin 2713)
753,ГАЗ [в 922 он 763] (vin 2714)
754,ГАЗ [ву 477 63]
755,ГАЗ [ву 479 63]
756,ГАЗ [е 249 тр 82]
757,ГАЗ [е 368 тр 82]
758,ГАЗ [е 376 тр 82]
759,ГАЗ [е 689 тр 82]
760,ГАЗ [е 750 тр 82]
761,ГАЗ [е 763 тр 82]
762,ГАЗ [ев 918 63]
763,ГАЗ [ев 921 63]
764,ГАЗ [ев 922 63]
765,ГАЗ [о 004 ос 163]
766,ГАЗ [о 899 хв 163]
767,ГАЗ [о 910 хв 163]
768,ГАЗ [с 086 вв 163]
769,ГАЗ [с 222 во 163]
770,ГАЗ [с 229 во 163]
771,ГАЗ [с 230 во 163]
772,ГАЗ [с 377 кн 163]
773,ГАЗ [с 415 ее 163]
774,ГАЗ [с 739 хк 163]
775,ГАЗ [с 756 хк 163]
776,ГАЗ [у 722 ср 163]
777,ГАЗ-3034Р5 [С 463 ВВ 163]
778,ГАЗ-САЗ 25072 [В 325 УС 763]
779,"Газ ""Соболь"" [в 780 он 763]"
780,"Газ ""Соболь"" [в 794 он 763]"
781,"Газ ""Соболь"" [в 800 он 763]"
782,"Газ ""Соболь"" [в 831 он 763]"
783,Газ [8792 ср 63]
784,Газ [а 872 ун 763]
785,Газ [а 967 ун 763]
786,Газ [е 395 тр 82]
787,Газ [е 734 тр 82]
788,Газ [ев 919 63]
789,Газ [к 753 ат 763]
790,Газ [о 666 хе 163]
791,Газ [р 602 ем 163]
792,Газ [р 833 ум 163]
793,Газ [с 228 во 163]
794,Газ [с 372 кн 163]
795,Газ [с 462 вв 163]
796,Газ [с 684 хк 163]
797,Газель Next [в 392 ха 763]
798,Газель Next [в 457 ха 763]
799,Голаз [н 001 кв 63]
800,Д3-98 [5450 ак 63]
801,ДЗ-143 [4565 ср 63]
802,ДЗ-171 [4577 ср 63]
803,ДЗ-98 [4552 ср 63]
804,ДЗ-98 [5751 ак 63]
805,ДЭК-323 [4657 се 63]
806,ДЭК-401 [3526 се 63]
807,ДЭК-401 [4676 ак 63]
808,ДЭК-401 [4814 ак 63]
809,ДЭК-401 [8245 ак 63]
810,ДЭК-401 [9343 се 63]
811,ДЭК-401 [9348 се 63]
812,ДЭК-401 [9349 се 63]
813,ДЭК-401 [9350 се 63]
814,ДЭК-401 [9762 се 63]
815,ДЭС [107915]
816,Ду-100 [3915 ср 63]
817,Ду-47 [2790 ср 63]
818,ЗиЛ [р 945 на 63] АГП
819,К-701 [3910 ср 63]
820,К-702МВА-УДМ2 [4946 су 63]
821,К-703МА-0С [2997 ср 63]
822,К-703МА-12-04 [2180 см 63]
823,КАВЗ [а 399 рх 89]
824,КАВЗ [т 265 ео 89]
825,КАМАЗ 4237В [В 032 ХО 763]
826,КАМАЗ 4237В [В 070 ХО 763]
827,КАМАЗ 4237В [В 081 ХО 763]
828,КАМАЗ 4237В [В 897 ХН 763]
829,КАМАЗ 4237В [в 990 хн 763]
830,КАМАЗ 65221-53 [В 319 ХН 763]
831,КАМАЗ 65221-53 [С 777 УУ 163]
832,КВ-12 инв [109138]
833,КЗКТ 74281 Ураган [2823 ср 63]
834,КЗКТ 74281 Ураган [4014 ср 63]
835,КС4361 [4033 ср 63] (инв.101000)
836,КаВЗ [т 261 ео 89]
837,КамАЗ [р 833 ек 163]
838,КамАЗ [с 453 во 163]
839,КамАЗ [с 455 во 163]
840,КамАЗ [у 739 ср 163]
841,КамАЗ [у 746 ср 163]
842,КамАЗ [х 313 су 163]
843,КамАЗ [х 419 су 163]
844,Камаз [а 371 вв 763]
845,Камаз (КС55417-4в) [р 207 та 163]
846,Камаз 43118-23027-50 [В 103 ХН 763]
847,Камаз 43118-23027-50 [В 310 ХН 763]
848,Камаз 54535В [В 388 УС 763]
849,Камаз 54535В [В 784 УС 763]
850,Камаз 5814Т6 [в 391 ус 763]
851,Камаз 65221-53 [в 445 ха 763]
852,Камаз 65221-53 [в 988 тх 763]
853,Камаз [В 685 ОН 763]
854,Камаз [а 082 уо 763]
855,Камаз [а 515 кв 763]
856,Камаз [а 561 сх 763]
857,Камаз [а 580 кв 763]
858,Камаз [а 792 ка 763]
859,Камаз [а 996 хв 163]
860,Камаз [в 101 ро 763]
861,Камаз [в 163 ро 763]
862,Камаз [в 276 рк 763]
863,Камаз [в 417 рк 763]
864,Камаз [в 422 ха 763]
865,Камаз [в 460 рк 763]
866,Камаз [в 506 ре 763] (№ 4021)
867,Камаз [в 519 рк 763]
868,Камаз [в 524 рк 763]
869,Камаз [в 534 ар 763]
870,Камаз [в 554 ре 763] (№9665)
871,Камаз [в 561 рк 763]
872,Камаз [в 574 ре 763] (№9991)
873,Камаз [в 580 ас 763]
874,Камаз [в 725 он 763]
875,Камаз [в 796 он 763]
876,Камаз [в 985 тх 763]
877,Камаз [е 130 вн 82]
878,Камаз [е 158 вн 82]
879,Камаз [е 159 вн 82]
880,Камаз [е 475 тр 82]
881,Камаз [м 146 не 163] (КС-45717к1)
882,Камаз [м 663 не 163]
883,Камаз [м 754 не 163]
884,Камаз [н 593 ва 163]
885,Камаз [н 596 ва 163]
886,Камаз [о 013 ам 163]
887,Камаз [о 083 ет 163] (new)
888,Камаз [о 402 ам 163]
889,Камаз [о 404 ам 163]
890,Камаз [о 406 ам 163]
891,Камаз [о 411 ам 163]
892,Камаз [о 414 ам 163]
893,Камаз [о 417 ам 163]
894,Камаз [о 540 ам 163]
895,Камаз [о 542 тр 163]
896,Камаз [о 613 ет 163]
897,Камаз [о 686 хв 163]
898,Камаз [о 690 хе 163]
899,Камаз [о 694 хе 163]
900,Камаз [о 716 тр 163]
901,Камаз [о 773 са 89]
902,Камаз [о 774 са 89]
903,Камаз [о 779 са 89]
904,Камаз [о 780 са 89]
905,Камаз [о 784 са 89]
906,Камаз [о 806 тм 47]
907,Камаз [о 823 тр 163]
908,Камаз [с 297 хн 163]
909,Камаз [с 322 кх 163]
910,Камаз [с 337 кх 163]
911,Камаз [с 338 кх 163]
912,Камаз [с 341 кх 163]
913,Камаз [с 342 кх 163]
914,Камаз [с 448 во 163]
915,Камаз [с 449 во 163]
916,Камаз [с 451 во 163]
917,Камаз [с 452 во 163]
918,Камаз [с 465 во 163]
919,Камаз [с 516 кх 163]
920,Камаз [с 518 кх 163]
921,Камаз [с 519 кх 163]
922,Камаз [с 521 кх 163]
923,Камаз [с 697 кх 163]
924,Камаз [с 698 кх 163]
925,Камаз [с 699 кх 163]
926,Камаз [с 700 рк 163]
927,Камаз [у 027 вн 163]
928,Камаз [у 028 вн 163]
929,Камаз [у 050 вн 163]
930,Камаз [у 056 вн 163]
931,Камаз [у 087 вм 163]
932,Камаз [у 087 вн 163]
933,Камаз [у 246 вн 163]
934,Камаз [у 264 вн 163]
935,Камаз [у 280 вн 163]
936,Камаз [у 301 вн 163]
937,Камаз [у 304 вн 163]
938,Камаз [у 359 уе 163] (Борт№46)
939,Камаз [у 397 уе 163]
940,Камаз [х 404 су 163]
941,Камаз АГП [в 444 ре 763] (№1619)
942,Камаз АГП [в 505 ре 763] (№1704)
943,Камаз АТЗ 4671M2 [в 305 хн 763]
944,Камаз АТЗ 66062 [В 259 ХН 763]
945,Камаз АТЗ 66062 [в 183 хн 763]
946,Камаз АТЗ 66062 [в 302 хн 763]
947,Камаз АТЗ [в 137 ре 763]
948,Камаз АТЗ [в 212 тх 763]
949,Камаз АТЗ [в 276 тх 763]
950,Камаз АТЗ [в 569 ре 763]
951,Камаз АТЗ [в 786 мт 89] - 11 054 л.
952,Камаз АТЗ [у 361 уе 163] - 11 225 л.
953,Камаз КДМ (№8579) [в 880 он 763]
954,Камаз КМУ [в 281 рм 763] (№3970)
955,Камаз КМУ [в 493 рм 763] (№9671)
956,Камаз КС-55713-5К-3 [В 985 ХА 763]
957,Камаз ППУ [в 576 ха 763] установка
958,Камаз ППУ [в 576 ха 763] шасси
959,Камаз УЗСТ 6620-30 [В 323 НК 89]
960,Камаз УСТ 543L2 [Е 090 АН 763]
961,Камаз-4311 [С 456 ВО 163]
962,Кран-манипулятор Камаз-6586 [а 401 кв 763]
963,Легковая Тойота Л-Круизер [о 777 ам 163]
964,Легковая УАЗ УАЗ 2206 [к 287 ем 163]
965,Легковая УАЗ-Патриот [о 003 ос 163]
966,Легковая УАЗ-Патриот [о 005 ос 163]
967,Легковая УАЗ-Патриот [о 010 ат 163]
968,Легковая УАЗ-Патриот [х 004 св 63]
969,Легковая УАЗ-Патриот [х 405 су 163]
970,Легковой автомобиль Тойота Ланд Крузер 200 [О 008 ХХ 63]
971,М/автобус УАЗ-2206 [е 216 вн 82]
972,М/автобус УАЗ-220694 [а 036 са 163]
973,М/автобус УАЗ-220694 [в 557 нм 163]
974,М/автобус УАЗ-220694 [с 600 ха 163]
975,М/автобус УАЗ-220694 [с 974 кн 163]
976,М/автобус УАЗ-220695-04 [с 375 вр 163]
977,М/автобус Уаз-2206 [х 396 су 163]
978,МАЗ [о 082 ет 163]
979,МЗКТ 7401 Волат [в 327 нк 89]
980,МЗКТ 7429 Волат [2245 св 63]
981,МЗКТ 7429 Волат [в 733 мт 89]
982,МЗКТ [1673 ак 63]
983,МЗЦ-75 (ДТ-75) (Bara) [8537 св 63]
984,МКСМ-900 [4404 се 63]
985,МСН-10 АПС [1390] - без ДУТ
986,МСН-10АПС [4514 СЕ 63]
987,МТЗ-82 [1290 се 63]
988,МТЗ-82 [1291 се 63]
989,МТЗ-82 [7667 се 63]
990,МТЗ-82 [7668 се 63]
991,Маз [в 800 вс 163]
992,Маз [м 533 не 163]
993,Маз [н 002 хе 163]
994,Маз [н 008 хе 163]
995,Маз [н 308 ва 163]
996,Маз [о 084 ет 163]
997,Маз [о 522 хе 163]
998,Маз [р 376 то 163]
999,Маз [р 907 на 63]
1000,Маз-MAN [к 632 но 63]
1001,Маз-Ман [о 004 ет 163]
1002,НЕФАЗ [ах 3855 63]
1003,НИВА [а 320 тв 89]
1004,П/моечная Зил МДК-4329 [р 176 ум 163]
1005,ПАЗ [а 012 ум 163]
1006,ПАЗ [а 520 ва 763]
1007,ПАЗ [а 524 ва 763]
1008,ПАЗ [р 300 та 163]
1009,ПАЗ [с 457 вр 163]
1010,ПАЗ [х 791 хм 163]
1011,ПАЗ [х 806 хм 163]
1012,ПАЗ [х 946 хм 163]
1013,ППУА Урал [а 923 тс 763]
1014,ППЦ цистерна [ВК 9480 63]
1015,ПТК-764 [9878 са 63]
1016,Паз [а 378 тс 763]
1017,Паз [а 479 ое 763]
1018,Парм УРАЛ-4320 [х 086 ос 63]
1019,Парогениратор Bativar [110985]
1020,Передвижная мастерская ГАЗ 3034L6 [С 380 КН 163]
1021,Пескоструйка НВ10/8М2 [100813]
1022,Пескоструйка НВ10/8М2 [102872]
1023,Плетевоз УРАЛ-596012 [в 697 ав 163]
1024,Плетевоз УРАЛ-596012 [е 009 оу 163]
1025,Плетевоз УРАЛ-596012 [р 670 сх 163]
1026,Плетевоз УРАЛ-596012 [с 282 кх 163]
1027,РДК-25 (инв.101013)
1028,РДК-25 [4580 ср 63]
1029,Сat 320DL [6651 су 63]
1030,Самосвал Iveco-АМТ 6539 [х 298 то 163]
1031,Самосвал Volvo [М 411 НХ 163]
1032,Самосвал ВОЛЬВО FM-Truck [у 685 ак 163]
1033,Самосвал ИВЕКО-АМТ 6539 [а 745 ва 763]
1034,Самосвал ИВЕКО-АМТ 6539 [о 846 хе 163]
1035,Самосвал ИВЕКО-АМТ 6539 [о 858 хе 163]
1036,Самосвал ИВЕКО-АМТ 653901 [о 836 хе 163]
1037,Самосвал ИВЕКО-АМТ 653901 [о 837 хе 163]
1038,Самосвал ИВЕКО-АМТ 653901 [о 840 хе 163]
1039,Самосвал КАМАЗ 65222 [О 783 СА 89]
1040,Самосвал Камаз-6522 [н 602 ва 163]
1041,Самосвал Камаз-6522 [н 605 ва 163]
1042,Самосвал Камаз-6522 [о 549 ам 163]
1043,Самосвал Камаз-65222 [р 254 ах 163]
1044,Самосвал Камаз-65222 [с 335 кх 163]
1045,Сед.тягач УРАЛ-44202-0311-60 [В 740 МТ 89]
1046,Сед.тягач УРАЛ-44202-3511-82 [В 656 МТ 89]
1047,Сед.тягач УРАЛ-442020 [к 160 ке 163]
1048,Сед.тягач УРАЛ-44202031141 [С 530 КХ 163]
1049,Сед.тягач с а/кр УРАЛ-4320(УЗСТ483Т) [Е 472 ТР 82]
1050,Седельный тягач МАЗ-МАН 6423 [с 222 ме 163]
1051,Седельный тягач УРАЛ-442020 [н 968 ва 163]
1052,Седельный тягач Урал-4420 [а 931 сх 763]
1053,Слэнакс АД-100-Т400 инв [114183]
1054,Слэнакс [113814]
1055,Слэнакс АД -200С-Т400 инв [113813]
1056,Слэнакс АД -200С-Т400 инв [113279]
1057,Слэнакс АД -200С-Т400 инв [113836]
1058,Слэнакс АД -200С-Т400 инв [113837]
1059,Слэнакс АД -200С-Т400 инв [114266]
1060,Слэнакс АД -200С-Т400 инв [114276]
1061,Слэнакс АД -200С-Т400 инв [114277]
1062,Слэнакс АД-100-Т400 [114184]
1063,Слэнакс АД-100-Т400 [114185]
1064,Слэнакс инв [112188]
1065,Слэнакс инв [112196]
1066,Т-170М1Б01 [3901 ср 63]
1067,Т/заправщик УРАЛ-4320 [у 949 см 63]
1068,Т/заправщик УРАЛ-4320 [у 950 см 63]
1069,Т/заправщик УРАЛ-4671L6-11 [А 504 СХ 763]
1070,Т/заправщик УРАЛ-5557 [х 021 тр 63]
1071,Т/заправщик УРАЛ-5675А1 [Е 990 КН 163]
1072,Т/заправщик УРАЛ-6617 [р 895 ах 163] - 6 500 л.
1073,Т/заправщик УРАЛ-6618 [с 522 кх 163]
1074,ТГ-121Я [2793 ср 63]
1075,ТГ-121Я [3908 ср 63]
1076,ТГ-121Я [3909 ср 63]
1077,ТГ-121Я [4031 ср 63]
1078,ТГ-121Я [4039 ср 63]
1079,ТГ-122Я [2714 ср 63]
1080,ТГ-122Я [2716 ср 63]
1081,ТГ-122Я [2718 ср 63]
1082,ТГ-122Я [3640 св 63]
1083,ТГ-122Я [3969 св 63]
1084,ТГ-122Я [5404 ак 63]
1085,ТГ-122Я [5405 ак 63]
1086,ТГ-122Я [7356 су 63]
1087,ТГ-122Я [7358 су 63]
1088,ТГ-122Я [7363 су 63]
1089,ТГ-122Я-1 [0072 св 63]
1090,ТГ-122Я-1 [2057 см 63]
1091,ТГ-122Я-1 [2123 см 63]
1092,ТГ-122Я-1 [2184 см 63]
1093,ТГ-122Я-1 [2713 ср 63]
1094,ТГ-122Я-1 [2715 ср 63]
1095,ТГ-122Я-1 [2717 ср 63]
1096,ТГ-122Я-1 [2720 ср 63]
1097,ТГ-122Я-1 [2721 ср 63]
1098,ТГ-122Я-1 [3639 св 63]
1099,ТГ-122Я-1 [3645 св 63]
1100,ТГ-122Я-1 [3646 св 63]
1101,ТГ-122Я-1 [3647 св 63]
1102,ТГ-122Я-1 [3648 св 63]
1103,ТГ-122Я-1 [3649 св 63]
1104,ТГ-122Я-1 [3970 св 63]
1105,ТГ-122Я-1 [4815 ак 63]
1106,ТГ-122Я-1 [4816 ак 63]
1107,ТГ-122Я-1 [5088 ак 63]
1108,ТГ-122Я-1 [5449 ак 63]
1109,ТГ-122Я-1 [7355 су 63]
1110,ТГ-122Я-1 [7357 су 63]
1111,ТГ-122Я-1 [7359 су 63]
1112,ТГ-122Я-1 [7360 су 63]
1113,ТГ-122Я-1 [7361 су 63]
1114,ТГ-122Я-1 [7362 су 63]
1115,ТГ-122Я-1 [7364 су 63]
1116,ТГ-122Я-1 [7365 су 63]
1117,ТГ-503Я [2880 ср 63]
1118,ТМ-1 [4034 ср 63]
1119,ТМ-130 [2814 ср 63]
1120,ТМ-140 [3087 ак 63]
1121,ТМ-140 [3637 св 63]
1122,Таблица - KOMATSU D-355C [4022 ср 63]
1123,Таблица - АД-200 [102856]
1124,МЗКТ 7429 Волат [7669 се 63]
1125,Тарировка - АД-650 ( PERCINS ) [110312]
1126,Тарировка - ТГ-503Я [2890 ср 63]
1127,Тарировка -Komatsu D-355 [4096 ср 63]
1128,Техничка УРАЛ-39382Р [е 635 оу 163]
1129,Тойота Л-Круизер [е 200 ое 163]
1130,Трекол [1597 св 63]
1131,Трэкол [0318 са 63]
1132,Трэкол [1837 се 63]
1133,Трэкол [2060 см 63]
1134,Трэкол [3128 ак 63]
1135,УАЗ 22069 [м 155 не 163]
1136,УАЗ 3909 [а 807 хв 163]
1137,УАЗ [а 035 са 163]
1138,УАЗ [а 037 са 163]
1139,УАЗ [а 279 тх 89]
1140,УАЗ [а 433 ун 763]
1141,УАЗ [а 583 ое 763]
1142,УАЗ [а 599 ое 763]
1143,УАЗ [а 754 ум 163]
1144,УАЗ [а 824 сх 763]
1145,УАЗ [в 517 тс 178]
1146,УАЗ [ву 465 63]
1147,УАЗ [е 007 оу 163]
1148,УАЗ [е 008 оу 163]
1149,УАЗ [к 261 сн 163]
1150,УАЗ [к 325 ае 163]
1151,УАЗ [м 002 мр 163]
1152,УАЗ [м 006 хт 63]
1153,УАЗ [м 153 не 163]
1154,УАЗ [н 004 хе 163]
1155,УАЗ [н 800 хе 163]
1156,УАЗ [о 006 ао 63]
1157,УАЗ [о 006 ос 163]
1158,УАЗ [о 007 ет 163]
1159,УАЗ [о 008 ат 163]
1160,УАЗ [о 008 ет 163]
1161,УАЗ [о 444 ау 163]
1162,УАЗ [о 520 хе 163]
1163,УАЗ [о 821 тр 163]
1164,УАЗ [р 971 ах 163]
1165,УАЗ [с 100 кн 163]
1166,УАЗ [с 287 хн 163]
1167,УАЗ [с 372 вр 163]
1168,УАЗ [с 507 ме 163]
1169,УАЗ [с 591 кх 163]
1170,УАЗ [с 593 кх 163]
1171,УАЗ [с 600 кх 163]
1172,УАЗ [с 612 кх 163]
1173,УАЗ [х 005 св 63]
1174,УАЗ [х 006 св 63]
1175,УАЗ Патриот [О 444 ОС 163]
1176,УРАЛ [о 715 тр 163]
1177,УРАЛ 4320 [Р 408 ТО 163]
1178,УРАЛ [а 152 уо 763]
1179,УРАЛ [а 195 са 163]
1180,УРАЛ [а 291 са 163]
1181,УРАЛ [а 768 ва 763]
1182,УРАЛ [а 858 тс 763]
1183,УРАЛ [в 010 ну 163]
1184,УРАЛ [в 100 ну 163]
1185,УРАЛ [в 111 ну 163]
1186,УРАЛ [в 382 мт 89]
1187,УРАЛ [в 637 вс 163]
1188,УРАЛ [в 688 ав 163]
1189,УРАЛ [в 999 ок 163]
1190,УРАЛ [е 018 вн 82]
1191,УРАЛ [е 041 кн 163]
1192,УРАЛ [е 208 вн 82]
1193,УРАЛ [е 300 ое 163]
1194,УРАЛ [е 405 тр 82]
1195,УРАЛ [е 811 кн 163]
1196,УРАЛ [е 900 оу 163]
1197,УРАЛ [е 981 ум 163]
1198,УРАЛ [к 990 хв 163]
1199,УРАЛ [м 221 мр 163]
1200,УРАЛ [м 222 мр 163]
1201,УРАЛ [н 003 хе 163]
1202,УРАЛ [о 163 ат 163]
1203,УРАЛ [о 163 ат 163] УМП
1204,УРАЛ [о 584 вв 63]
1205,УРАЛ [о 607 ам 163]
1206,УРАЛ [о 636 хе 163]
1207,УРАЛ [о 652 хе 163]
1208,УРАЛ [о 845 ат 163]
1209,УРАЛ [о 847 ат 163]
1210,УРАЛ [о 894 ам 163]
1211,УРАЛ [р 411 ок 163]
1212,УРАЛ [р 413 ок 163]
1213,УРАЛ [р 415 ок 163]
1214,УРАЛ [р 420 ок 163]
1215,УРАЛ [р 444 ем 163]
1216,УРАЛ [с 268 кх 163]
1217,УРАЛ [с 271 кх 163]
1218,УРАЛ [с 320 кх 163]
1219,УРАЛ [с 362 вр 163]
1220,УРАЛ [с 364 вр 163]
1221,УРАЛ [с 365 вр 163]
1222,УРАЛ [с 368 вр 163]
1223,УРАЛ [с 483 вр 163]
1224,УРАЛ [с 667 хк 163]
1225,УРАЛ [с 935 ха 163]
1226,УРАЛ [с 936 ха 163]
1227,УРАЛ [с 937 ха 163]
1228,УРАЛ [у 672 ту 163]
1229,УРАЛ [у 675 ту 163]
1230,УРАЛ [у 680 ср 163]
1231,УРАЛ [у 741 вн 163]
1232,УРАЛ [у 761 ту 163]
1233,УРАЛ [х 057 су 163]
1234,УРАЛ АТЗ 4320 [о 685 вв 63] - 6650 л.
1235,УРАЛ АТЗ [В 843 МТ 89] - 11 023 л.
1236,УРАЛ АТЗ [В 866 МТ 89] - 11 030 л.
1237,УРАЛ АТЗ [В 942 МТ 89] - 11 059 л.
1238,УРАЛ АТЗ [О 858 ХВ 163] - 10 080 л.
1239,УРАЛ АТЗ [в 636 вс 163] - 6 500 л.
1240,УРАЛ АТЗ [м 641 не 163] - 7 440 л.
1241,УРАЛ АТЗ [о 283 ат 163] - 7 568 л.
1242,УРАЛ АТЗ [о 284 ат 163]
1243,УРАЛ АТЗ [о 846 ат 163] - 7 540 л.
1244,УРАЛ АТЗ [с 526 кх 163] - 7 512 л.
1245,УРАЛ АТЗ [у 752 ср 163] - 9 035 л.
1246,УРАЛ АТЗ [х 023 тр 63] - 7 440 л.
1247,УРАЛ КС-55732 [А 971 ТС 63]
1248,УСТ 5453L2 МВ-10 КО Камаз 43118-50 [в 489 ха 763]
1249,Уаз [а 763 тс 763]
1250,Уаз [в 516 тс 178]
1251,Уаз [в 558 нм 163]
1252,Уаз [к 321 ае 163]
1253,Уаз [м 157 не 163]
1254,Уаз [м 447 не 163]
1255,Уаз [о 009 ос 163]
1256,Уаз [о 999 ем 163]
1257,Уаз [р 005 кс 63]
1258,Уаз [с 371 вр 163]
1259,Уаз [с 377 вр 163]
1260,Уаз [с 588 кх 163]
1261,Уаз [с 589 кх 163]
1262,Уаз [с 600 ур 163]
1263,Уаз [т 004 кв 63]
1264,Урал (ППУ-1600/100) [у 363 сн 163]
1265,Урал (УМП-400) [м 865 не 163]
1266,Урал Next [а 051 уо 763]
1267,Урал [Х 837 ЕО 63]
1268,Урал [а 092 уо 763]
1269,Урал [а 107 уо 763]
1270,Урал [а 134 уо 763]
1271,Урал [а 154 уо 763]
1272,Урал [а 167 уо 763]
1273,Урал [а 175 уо 763]
1274,Урал [а 211 сх 763]
1275,Урал [а 236 ас 18] (Борт№52)
1276,Урал [а 240 сх 763]
1277,Урал [а 414 тс 763]
1278,Урал [а 651 ур 89]
1279,Урал [а 683 тс 763]
1280,Урал [а 698 ва 763]
1281,Урал [а 780 ва 763]
1282,Урал [а 806 ва 763]
1283,Урал [а 807 ва 763]
1284,Урал [а 824 ва 763]
1285,Урал [а 856 ум 163]
1286,Урал [а 885 кв 763]
1287,Урал [а 907 тс 763]
1288,Урал [а 991 тс 763]
1289,Урал [в 002 ну 163]
1290,Урал [в 009 ну 163]
1291,Урал [в 014 ур 763]
1292,Урал [в 045 ур 763]
1293,Урал [в 163 ну 163]
1294,Урал [в 213 уо 763]
1295,Урал [в 239 уо 763]
1296,Урал [в 273 ур 763]
1297,Урал [в 298 ур 763]
1298,Урал [в 305 ур 763]
1299,Урал [в 318 ур 763]
1300,Урал [в 328 ур 763]
1301,Урал [в 333 ур 763]
1302,Урал [в 379 ур 763]
1303,Урал [в 599 мр 89]
1304,Урал [в 607 вс 163]
1305,Урал [в 608 вс 163]
1306,Урал [в 609 вс 163]
1307,Урал [в 611 вс 163]
1308,Урал [в 619 вс 163]
1309,Урал [в 620 вс 163]
1310,Урал [в 622 вс 163]
1311,Урал [в 623 вс 163]
1312,Урал [в 626 мт 89]
1313,Урал [в 632 вс 163]
1314,Урал [в 687 ав 163]
1315,Урал [в 704 мт 89]
1316,Урал [в 790 ун 763]
1317,Урал [в 797 мт 89]
1318,Урал [в 830 мт 89]
1319,Урал [в 912 мт 89]
1320,Урал [в 923 мт 89]
1321,Урал [в 999 ну 163]
1322,Урал [ву 455 63]
1323,Урал [ву 456 63]
1324,Урал [е 010 оу 163]
1325,Урал [е 100 оу 163]
1326,Урал [е 223 му 163]
1327,Урал [е 224 му 163]
1328,Урал [е 262 оу 163]
1329,Урал [е 316 му 163]
1330,Урал [е 360 му 163]
1331,Урал [е 634 оу 163]
1332,Урал [е 753 ое 163]
1333,Урал [е 754 ое 163]
1334,Урал [е 779 кн 163]
1335,Урал [е 814 ум 163]
1336,Урал [к 001 ро 196]
1337,Урал [к 915 ом 63]
1338,Урал [м 280 нх 163]
1339,Урал [м 697 ср 63]
1340,Урал [м 906 те 63]
1341,Урал [о 386 вв 63]
1342,Урал [о 600 ам 163]
1343,Урал [о 633 ам 163]
1344,Урал [о 654 вв 63]
1345,Урал [о 691 ем 163]
1346,Урал [о 816 ам 163]
1347,Урал [о 895 ам 163]
1348,Урал [о 896 ам 163]
1349,Урал [р 005 ах 163]
1350,Урал [р 006 ах 163]
1351,Урал [р 405 то 163]
1352,Урал [р 406 то 163]
1353,Урал [р 416 ок 163]
1354,Урал [р 417 ок 163]
1355,Урал [р 419 ок 163]
1356,Урал [р 421 ок 163]
1357,Урал [р 719 ву 63]
1358,Урал [р 744 ах 163]
1359,Урал [с 220 вв 163]
1360,Урал [с 273 кх 163]
1361,Урал [с 274 кх 163]
1362,Урал [с 278 кх 163]
1363,Урал [с 279 кх 163]
1364,Урал [с 292 кх 163]
1365,Урал [с 299 ме 163]
1366,Урал [с 361 вр 163]
1367,Урал [с 367 вр 163]
1368,Урал [с 369 вр 163]
1369,Урал [с 482 вр 163]
1370,Урал [с 527 кх 163]
1371,Урал [с 580 кх 163]
1372,Урал [с 611 вр 163]
1373,Урал [с 937 вв 163]
1374,Урал [т 402 рх 163] (разобран в НУР)
1375,Урал [у 670 ср 163]
1376,Урал [у 746 ту 163]
1377,Урал [у 748 ту 163]
1378,Урал [у 750 ср 163]
1379,Урал [у 761 ср 163]
1380,Урал [х 017 тр 63]
1381,Урал [х 084 ос 63]
1382,Урал [х 296 рр 63]
1383,Урал [х 839 ео 63]
1384,Урал [х 840 ео 63]
1385,Урал АТЗ [в 310 нк 89]
1386,Урал АТЗ [с 523 кх 163]
1387,Урал АТЗ [у 728 ср 163]
1388,Урал КС [а 260 сх 763]
1389,Урал КС [а 284 сх 763]
1390,Урал КС [с 321 кх 163]
1391,Урал КС [с 671 вв 163]
1392,Урал ППУ [е 167 тр 82]
1393,Урал УСТ 54538В [В 482 ХН 763]
1394,Урал УСТ 54538В [В 679 ХН 763]
1395,Урал УСТ [в 674 хн 763]
1396,Урал-3255 [У 737 СР 163]
1397,Урал-661730 [М 541 НЕ 163]
1398,Фермер УАЗ-3909 [с 444 во 163]
1399,Фермер УАЗ-390994 [с 048 вв 163]
1400,Фургон Газ-2705 [м 583 не 163]
1401,Фургон УАЗ 220695 [Е 211 ВН 82]
1402,Фургон УАЗ 390995-04 [А 782 ОЕ 763]
1403,Фургон УАЗ 390995-04 [А 801 СХ 763]
1404,Фургон УАЗ-3909 [а 802 ое 763]
1405,Фургон Уаз-3909 [х 425 су 163]
1406,Фургон Фиат Дукато [а 455 хв 163]
1407,Цистерна [9154 ау 63] (Уч.40)
1408,Цистерна [3856 ах 63] (Уч.29)
1409,Цистерна [5013 ак 63]
1410,Цистерна [5944 ат 63]
1411,ЧЕТРА № [001638]
1412,Четра Т-09.01ЯМБ-3 [2058 см 63]
1413,Четра Т-09.01ЯМБ3 [2059 см 63]
1414,Четра Т-09.01ЯМБР [6745 ак 63]
1415,Четра Т-11.01 [2950 ср 63]
1416,Четра Т-11.01К [2126 см 63]
1417,Четра Т-11.01К-1 [2124 см 63]
1418,Четра Т-11.01К-1 [2813 ср 63]
1419,Четра Т-11.01К-1 [2879 ср 63]
1420,Четра Т-11.01К-1 [2889 ак 63]
1421,Четра Т-11.01К-1 [2889 ср 63]
1422,Четра Т-11.01К-1 [6784 от 63]
1423,Четра Т-11.01К1 [2885 ср 63]
1424,Четра Т-11.01Я [3913 ср 63]
1425,Четра Т-11.01Я-1 [2951 ср 63]
1426,Четра Т-11.01Я-1 [3995 ср 63]
1427,Четра Т-11.01ЯБР [2705 ср 63]
1428,Четра Т-11.02 ЯБР-2 [7434 су 63]
1429,Четра Т-11.02БР-1 [3634 св 63]
1430,Четра Т-11.02ЯБ-1 [0115 св 63]
1431,Четра Т-11.02ЯБ-1 [0119 св 63]
1432,Четра Т-11.02ЯБ-1 [0120 св 63]
1433,Четра Т-11.02ЯБ-1 [3441 су 63] нов.гос.ном 0117св 63
1434,Четра Т-11.02ЯБР [7435 су 63]
1435,Четра Т-11.02ЯБР-1 [2120 см 63]
1436,Четра Т-11.02ЯБР-1 [2122 см 63]
1437,Четра Т-11.02ЯБР-1 [2887 ак 63]
1438,Четра Т-11.02ЯБР-1 [2888 ак 63]
1439,Четра Т-11.02ЯБР-1 [2890 ак 63]
1440,Четра Т-11.02ЯБР-1 [2891 ак 63]
1441,Четра Т-11.02ЯБР-1 [3632 св 63] (Борт№14)
1442,Четра Т-11.02ЯБР-1 [3635 св 63]
1443,Четра Т-11.02ЯБР-1 [3758 ак 63]
1444,Четра Т-11.02ЯБР-1 [4817 ак 63]
1445,Четра Т-11.02ЯБР-1 [4819 ак 63]
1446,Четра Т-11.02ЯБР-1 [7431 су 63]
1447,Четра Т-11.02ЯБР-1 [7432 су 63]
1448,Четра Т-11.02ЯБР-1 [7433 су 63]
1449,Четра Т-11.02ЯБР-1 [7436 су 63]
1450,Четра Т-11.02ЯМБ [0071 св 63]
1451,Четра Т-11.02ЯМБ [2125 см 63]
1452,Четра Т-11.02ЯМБ [3644 св 63]
1453,Четра Т-11.02ЯМБ [7426 су 63]
1454,Четра Т-11.02ЯМБ-3 [0116 св 63]
1455,Четра Т-11.02ЯМБ-3 [0118 св 63]
1456,Четра Т-11.02ЯМБ-3 [2892 ак 63]
1457,Четра Т-11.02ЯМБ-3 [2893 ак 63]
1458,Четра Т-11.02ЯМБ-3 [2894 ак 63]
1459,Четра Т-11.02ЯМБ-3 [2918 ак 63]
1460,Четра Т-11.02ЯМБ-3 [3088 ак 63]
1461,Четра Т-11.02ЯМБ-3 [3089 ак 63]
1462,Четра Т-11.02ЯМБ-3 [3134 су 63]
1463,Четра Т-11.02ЯМБ-3 [3442 су 63]
1464,Четра Т-11.02ЯМБ-3 [3641 св 63]
1465,Четра Т-11.02ЯМБ-3 [3642 св 63]
1466,Четра Т-11.02ЯМБ-3 [3643 св 63]
1467,Четра Т-11.02ЯМБ-3 [7423 су 63]
1468,Четра Т-11.02ЯМБ-3 [7424 СУ 63]
1469,Четра Т-11.02ЯМБ-3 [7425 су 63]
1470,Четра Т-11.02ЯМБ-3 [7427 су 63]
1471,Четра Т-11.02ЯМБ-3 [7428 су 63]
1472,Четра Т-11.02ЯМБ-3 [7429 су 63]
1473,Четра Т-11.02ЯМБ-3 [7430 су 63]
1474,Четра Т-9.01ЯМБР [5403 ак 63]
1475,Четра Т.11 [3633 св 63]
1476,Четра Т.11 [4818 ак 63]
1477,газ [ев 920 63]
1478,урал [а 927 сх 763]
1479,JСB G140QS (LLI21302) [112142]
1480,Wacker Neuson [112443]
1481,Wacker Neuson [112448]
1482,Wacker Neuson [112449]
1483,Wacker Neuson [112450]
1484,Wacker Neuson [112451]
1485,IZHTEL-400 [113083]
